{"cameraMode":{"drawMode":0,"name":"Shaded","section":"Shading Mode"},"sceneLighting":true,"audioPlay":false,"sceneViewState":{"showFog":true,"showMaterialUpdate":false,"showSkybox":true,"showFlares":true,"showImageEffects":true,"showParticleSystems":true},"in2DMode":false,"pivot":{"x":117.60234832763672,"y":247.6481170654297,"z":-126.53932189941406},"rotation":{"x":0.054187074303627017,"y":-0.9427041411399841,"z":0.1900140792131424,"w":0.2688305675983429},"size":40.37792205810547,"orthographic":false}