{"cameraMode":{"drawMode":0,"name":"Shaded","section":"Shading Mode"},"sceneLighting":true,"audioPlay":false,"sceneViewState":{"showFog":true,"showMaterialUpdate":false,"showSkybox":true,"showFlares":true,"showImageEffects":true,"showParticleSystems":true},"in2DMode":false,"pivot":{"x":107.8270263671875,"y":239.0939178466797,"z":-142.5709228515625},"rotation":{"x":-0.17513516545295716,"y":0.5675004124641419,"z":-0.12506228685379029,"w":-0.7947644591331482},"size":16.957199096679689,"orthographic":false}