{"cameraMode":{"drawMode":0,"name":"Shaded","section":"Shading Mode"},"sceneLighting":true,"audioPlay":false,"sceneViewState":{"showFog":true,"showMaterialUpdate":false,"showSkybox":true,"showFlares":true,"showImageEffects":true,"showParticleSystems":true},"in2DMode":false,"pivot":{"x":97.4656753540039,"y":238.37693786621095,"z":-131.0655517578125},"rotation":{"x":0.0977201834321022,"y":0.6406773924827576,"z":-0.08274884521961212,"w":0.757093071937561},"size":15.263471603393555,"orthographic":false}